{
  "assumptions": {
    "setPublicClassFields": true
  },
  "plugins": [
    ["@babel/plugin-transform-typescript", { "allowDeclareFields": true } ],
    "@babel/plugin-transform-export-namespace-from",
    "@babel/plugin-transform-class-properties",
    "@babel/plugin-transform-logical-assignment-operators",
    "@babel/plugin-transform-nullish-coalescing-operator",
    "@babel/plugin-transform-optional-chaining",
    "@babel/plugin-transform-modules-commonjs"
  ],
  "ignore": [
    "**/*.d.ts"
  ]
}
