{
  "comment": "Do not edit this file, use utils/roll_browser.js",
  "browsers": [
    {
      "name": "chromium",
      "revision": "1102",
      "installByDefault": true,
      "browserVersion": "122.0.6261.29"
    },
    {
      "name": "chromium-with-symbols",
      "revision": "1102",
      "installByDefault": false,
      "browserVersion": "122.0.6261.29"
    },
    {
      "name": "chromium-tip-of-tree",
      "revision": "1192",
      "installByDefault": false,
      "browserVersion": "123.0.6288.0"
    },
    {
      "name": "firefox",
      "revision": "1439",
      "installByDefault": true,
      "browserVersion": "122.0"
    },
    {
      "name": "firefox-asan",
      "revision": "1439",
      "installByDefault": false,
      "browserVersion": "122.0"
    },
    {
      "name": "firefox-beta",
      "revision": "1439",
      "installByDefault": false,
      "browserVersion": "123.0b3"
    },
    {
      "name": "webkit",
      "revision": "1978",
      "installByDefault": true,
      "revisionOverrides": {
        "mac10.14": "1446",
        "mac10.15": "1616",
        "mac11": "1816",
        "mac11-arm64": "1816"
      },
      "browserVersion": "17.4"
    },
    {
      "name": "ffmpeg",
      "revision": "1009",
      "installByDefault": true
    },
    {
      "name": "android",
      "revision": "1000",
      "installByDefault": false
    }
  ]
}
